{
  "boundary":
  {
    "area": 10041.99757,
    "avg_pt_per_sq_unit": 1.75983854,
    "avg_pt_spacing": 0.7703203636,
    "boundary": "POLYGON ((553328.63 4136657.7,553330.63 4136661.2,553333.13 4136660.3,553335.13 4136663.8,553337.63 4136662.9,553338.13 4136665.5,553341.13 4136667.3,553345.13 4136667.3,553345.63 4136669.9,553348.13 4136669.0,553348.63 4136671.6,553351.13 4136670.7,553353.13 4136674.2,553357.13 4136674.2,553357.63 4136676.8,553360.13 4136675.9,553360.63 4136678.5,553363.63 4136680.3,553366.63 4136682.0,553369.13 4136681.1,553369.63 4136683.7,553372.13 4136682.9,553372.63 4136685.5,553377.13 4136688.1,553379.63 4136687.2,553383.13 4136691.5,553386.13 4136693.3,553388.63 4136692.4,553389.13 4136695.0,553392.13 4136696.7,553389.13 4136698.4,553390.63 4136701.0,553387.63 4136701.0,553385.63 4136706.2,553383.13 4136705.4,553382.63 4136711.4,553380.13 4136710.6,553378.13 4136714.0,553380.13 4136717.5,553382.63 4136716.6,553387.13 4136719.2,553387.63 4136721.8,553384.13 4136727.9,553381.63 4136728.8,553381.13 4136731.4,553378.63 4136732.2,553378.13 4136738.3,553371.13 4136731.4,553370.63 4136734.0,553374.13 4136738.3,553370.63 4136740.9,553372.63 4136742.6,553370.63 4136744.3,553372.63 4136746.1,553369.63 4136747.8,553369.63 4136751.3,553366.63 4136753.0,553366.13 4136755.6,553363.63 4136753.0,553363.13 4136755.6,553365.13 4136757.3,553361.63 4136758.2,553361.63 4136765.1,553359.13 4136764.3,553358.63 4136761.7,553356.13 4136762.5,553354.13 4136760.8,553352.63 4136761.7,553357.13 4136764.3,553357.13 4136767.7,553351.13 4136764.3,553348.63 4136765.1,553348.13 4136767.7,553350.13 4136769.5,553340.63 4136782.5,553342.63 4136784.2,553340.63 4136787.6,553320.13 4136776.4,553318.13 4136772.9,553315.63 4136773.8,553315.13 4136771.2,553296.13 4136760.8,553295.63 4136758.2,553291.63 4136758.2,553289.63 4136754.7,553286.63 4136753.0,553284.13 4136753.9,553282.13 4136750.4,553278.13 4136750.4,553277.63 4136747.8,553273.13 4136745.2,553273.13 4136741.7,553269.13 4136741.7,553268.63 4136739.2,553270.63 4136735.7,553273.13 4136734.8,553278.13 4136724.4,553276.13 4136721.0,553273.63 4136720.1,553271.63 4136714.9,553269.13 4136714.0,553265.63 4136706.2,553263.13 4136705.4,553259.63 4136699.3,553261.63 4136697.6,553264.13 4136698.4,553269.13 4136695.0,553282.13 4136695.0,553282.63 4136683.7,553280.63 4136682.0,553284.13 4136675.9,553286.63 4136676.8,553287.13 4136674.2,553291.63 4136671.6,553294.13 4136672.5,553294.63 4136669.9,553298.63 4136668.1,553299.13 4136665.5,553301.63 4136666.4,553302.13 4136663.8,553305.13 4136665.5,553309.13 4136665.5,553312.63 4136662.9,553315.63 4136664.7,553318.63 4136662.9,553321.13 4136663.8,553323.13 4136662.1,553325.63 4136662.9,553326.13 4136658.6,553328.63 4136657.7),(553363.63 4136747.8,553361.63 4136751.3,553358.63 4136747.8,553360.63 4136746.1,553364.63 4136746.1,553363.63 4136747.8),(553357.63 4136756.5,553356.13 4136757.3,553355.63 4136754.7,553358.63 4136753.0,553359.13 4136755.6,553357.63 4136756.5))",
    "boundary_json": { "type": "Polygon", "coordinates": [ [ [ 553328.630000010016374, 4136657.744900740217417 ], [ 553330.630000010016374, 4136661.209002349991351 ], [ 553333.130000010016374, 4136660.342976950109005 ], [ 553335.130000010016374, 4136663.807078559882939 ], [ 553337.630000010016374, 4136662.941053160000592 ], [ 553338.130000010016374, 4136665.53912936989218 ], [ 553341.130000000004657, 4136667.271180179901421 ], [ 553345.130000000004657, 4136667.271180179901421 ], [ 553345.630000000004657, 4136669.869256389793009 ], [ 553348.130000000004657, 4136669.003230989910662 ], [ 553348.630000000004657, 4136671.60130719980225 ], [ 553351.130000000004657, 4136670.735281790141016 ], [ 553353.130000000004657, 4136674.199383410159498 ], [ 553357.130000000004657, 4136674.199383410159498 ], [ 553357.630000000004657, 4136676.797459620051086 ], [ 553360.130000000004657, 4136675.93143422016874 ], [ 553360.630000000004657, 4136678.529510430060327 ], [ 553363.630000000004657, 4136680.261561240069568 ], [ 553366.630000000004657, 4136681.993612039834261 ], [ 553369.130000000004657, 4136681.127586639951915 ], [ 553369.630000000004657, 4136683.725662849843502 ], [ 553372.130000000004657, 4136682.859637449961156 ], [ 553372.630000000004657, 4136685.457713659852743 ], [ 553377.130000000004657, 4136688.055789870209992 ], [ 553379.630000000004657, 4136687.189764469861984 ], [ 553383.129999989992939, 4136691.519891490228474 ], [ 553386.129999989992939, 4136693.251942289993167 ], [ 553388.629999989992939, 4136692.385916890110821 ], [ 553389.129999989992939, 4136694.983993100002408 ], [ 553392.129999989992939, 4136696.716043910011649 ], [ 553389.129999989992939, 4136698.44809472002089 ], [ 553390.629999989992939, 4136701.046170929912478 ], [ 553387.629999989992939, 4136701.046170929912478 ], [ 553385.629999989992939, 4136706.242323350161314 ], [ 553383.129999989992939, 4136705.376297949813306 ], [ 553382.629999989992939, 4136711.438475769944489 ], [ 553380.130000000004657, 4136710.572450370062143 ], [ 553378.130000000004657, 4136714.036551979836076 ], [ 553380.130000000004657, 4136717.500653599854559 ], [ 553382.629999989992939, 4136716.634628199972212 ], [ 553387.129999989992939, 4136719.2327044098638 ], [ 553387.629999989992939, 4136721.830780620221049 ], [ 553384.129999989992939, 4136727.89295843988657 ], [ 553381.629999989992939, 4136728.758983850013465 ], [ 553381.129999989992939, 4136731.357060059905052 ], [ 553378.630000000004657, 4136732.223085459787399 ], [ 553378.130000000004657, 4136738.28526329016313 ], [ 553371.130000000004657, 4136731.357060059905052 ], [ 553370.630000000004657, 4136733.95513626979664 ], [ 553374.130000000004657, 4136738.28526329016313 ], [ 553370.630000000004657, 4136740.883339500054717 ], [ 553372.630000000004657, 4136742.615390310063958 ], [ 553370.630000000004657, 4136744.347441120073199 ], [ 553372.630000000004657, 4136746.079491919837892 ], [ 553369.630000000004657, 4136747.811542729847133 ], [ 553369.630000000004657, 4136751.275644349865615 ], [ 553366.630000000004657, 4136753.007695150095969 ], [ 553366.130000000004657, 4136755.605771370232105 ], [ 553363.630000000004657, 4136753.007695150095969 ], [ 553363.130000000004657, 4136755.605771370232105 ], [ 553365.130000000004657, 4136757.337822169996798 ], [ 553361.630000000004657, 4136758.203847580123693 ], [ 553361.630000000004657, 4136765.132050809916109 ], [ 553359.130000000004657, 4136764.266025399789214 ], [ 553358.630000000004657, 4136761.667949189897627 ], [ 553356.130000000004657, 4136762.533974600024521 ], [ 553354.130000000004657, 4136760.80192379001528 ], [ 553352.630000000004657, 4136761.667949189897627 ], [ 553357.130000000004657, 4136764.266025399789214 ], [ 553357.130000000004657, 4136767.730127019807696 ], [ 553351.130000000004657, 4136764.266025399789214 ], [ 553348.630000000004657, 4136765.132050809916109 ], [ 553348.130000000004657, 4136767.730127019807696 ], [ 553350.130000000004657, 4136769.462177829816937 ], [ 553340.630000010016374, 4136782.452558880206198 ], [ 553342.630000000004657, 4136784.184609690215439 ], [ 553340.630000010016374, 4136787.64871130976826 ], [ 553320.130000010016374, 4136776.390381060075015 ], [ 553318.130000010016374, 4136772.926279440056533 ], [ 553315.630000010016374, 4136773.792304850183427 ], [ 553315.130000010016374, 4136771.194228630047292 ], [ 553296.130000020028092, 4136760.80192379001528 ], [ 553295.630000020028092, 4136758.203847580123693 ], [ 553291.630000020028092, 4136758.203847580123693 ], [ 553289.630000020028092, 4136754.739745960105211 ], [ 553286.630000020028092, 4136753.007695150095969 ], [ 553284.130000020028092, 4136753.873720560222864 ], [ 553282.130000020028092, 4136750.409618940204382 ], [ 553278.130000020028092, 4136750.409618940204382 ], [ 553277.630000020028092, 4136747.811542729847133 ], [ 553273.130000020028092, 4136745.213466519955546 ], [ 553273.130000020028092, 4136741.749364910181612 ], [ 553269.130000020028092, 4136741.749364910181612 ], [ 553268.630000020028092, 