{
    "dji m4e 5280 3956 brown 0.6666": {
        "projection_type": "brown",
        "width": 5280,
        "height": 3956,
        "focal_x": 0.661085740712338,
        "focal_y": 0.661085740712338,
        "c_x": 0.00893064665566073,
        "c_y": -0.004731463590369292,
        "k1": -0.060623275198869606,
        "k2": -0.020133114830019287,
        "p1": -0.00029966041888802045,
        "p2": 0.00039115139876329377,
        "k3": -0.004921384977621172
    }
}